-- ============================================================
-- TestData.sql — Complete Sample Data for KumariCinemas
-- Run this AFTER Schema.sql to populate all tables
-- ============================================================

-- 1. USERS (5 rows)
INSERT INTO "User" (USER_ID, USER_NAME, USER_EMAIL, USER_PHONE, ADDRESS)
  VALUES (1, 'Alice Shrestha',  'alice@kumari.np',   9801112223, 'New Baneshwor, Kathmandu');
INSERT INTO "User" (USER_ID, USER_NAME, USER_EMAIL, USER_PHONE, ADDRESS)
  VALUES (2, 'Bikash Thapa',    'bikash@kumari.np',  9804445556, 'Pokhara, Kaski');
INSERT INTO "User" (USER_ID, USER_NAME, USER_EMAIL, USER_PHONE, ADDRESS)
  VALUES (3, 'Chameli Gurung',  'chameli@kumari.np', 9807778889, 'Lakeside, Pokhara');
INSERT INTO "User" (USER_ID, USER_NAME, USER_EMAIL, USER_PHONE, ADDRESS)
  VALUES (4, 'Dipen Rai',       'dipen@kumari.np',   9812223334, 'Thamel, Kathmandu');
INSERT INTO "User" (USER_ID, USER_NAME, USER_EMAIL, USER_PHONE, ADDRESS)
  VALUES (5, 'Elina Maharjan',  'elina@kumari.np',   9815556667, 'Patan, Lalitpur');

-- 2. MOVIES (5 rows)
INSERT INTO "MOVIE" (MOVIE_ID, TITLE, GENRE, DURATION, LANGUAGE)
  VALUES (1, 'Inception',       'Sci-Fi',  148, 'English');
INSERT INTO "MOVIE" (MOVIE_ID, TITLE, GENRE, DURATION, LANGUAGE)
  VALUES (2, 'Interstellar',    'Sci-Fi',  169, 'English');
INSERT INTO "MOVIE" (MOVIE_ID, TITLE, GENRE, DURATION, LANGUAGE)
  VALUES (3, 'The Dark Knight', 'Action',  152, 'English');
INSERT INTO "MOVIE" (MOVIE_ID, TITLE, GENRE, DURATION, LANGUAGE)
  VALUES (4, 'Loot 2',          'Comedy',  120, 'Nepali');
INSERT INTO "MOVIE" (MOVIE_ID, TITLE, GENRE, DURATION, LANGUAGE)
  VALUES (5, 'Kabaddi',         'Drama',   135, 'Nepali');

-- 3. CINEMAS (3 rows)
INSERT INTO "CINEMA" (THEATRE_ID, CINEMA_NAME, CINEMA_LOCATION, CONTACT_INFO, EMAIL)
  VALUES (1, 'Kumari Cinema Hall', 'New Baneshwor, Kathmandu', 9801234567, 'ktm@kumaricinemas.np');
INSERT INTO "CINEMA" (THEATRE_ID, CINEMA_NAME, CINEMA_LOCATION, CONTACT_INFO, EMAIL)
  VALUES (2, 'Starlight Cinema',   'Lakeside, Pokhara',        9804561230, 'pkr@kumaricinemas.np');
INSERT INTO "CINEMA" (THEATRE_ID, CINEMA_NAME, CINEMA_LOCATION, CONTACT_INFO, EMAIL)
  VALUES (3, 'City Premiere',      'Butwal, Rupandehi',        9871234560, 'btw@kumaricinemas.np');

-- 4. HALLS (5 rows)
INSERT INTO "HALL" (HALL_ID, HALL_NAME, TOTAL_CAPACITY, HALL_TYPE, HALL_STATUS, CINEMA_THEATRE_ID)
  VALUES (1, 'IMAX Hall',      150, 'IMAX',    'Active', 1);
INSERT INTO "HALL" (HALL_ID, HALL_NAME, TOTAL_CAPACITY, HALL_TYPE, HALL_STATUS, CINEMA_THEATRE_ID)
  VALUES (2, 'Grand Hall',     200, 'Standard','Active', 1);
INSERT INTO "HALL" (HALL_ID, HALL_NAME, TOTAL_CAPACITY, HALL_TYPE, HALL_STATUS, CINEMA_THEATRE_ID)
  VALUES (3, 'Lakeside Hall',   80, 'Standard','Active', 2);
INSERT INTO "HALL" (HALL_ID, HALL_NAME, TOTAL_CAPACITY, HALL_TYPE, HALL_STATUS, CINEMA_THEATRE_ID)
  VALUES (4, 'VIP Lounge',      40, 'Premium', 'Active', 2);
INSERT INTO "HALL" (HALL_ID, HALL_NAME, TOTAL_CAPACITY, HALL_TYPE, HALL_STATUS, CINEMA_THEATRE_ID)
  VALUES (5, 'City Hall',      100, 'Standard','Active', 3);

-- 5. PRICING POLICIES (3 rows)
INSERT INTO "PRICINGPOLICY" (POLICY_ID, POLICY_NAME, MULTIPLIER, POLICY_DATE, DESCRIPTION)
  VALUES (1, 'Standard',    1.00, DATE '2026-01-01', 'Default weekday pricing');
INSERT INTO "PRICINGPOLICY" (POLICY_ID, POLICY_NAME, MULTIPLIER, POLICY_DATE, DESCRIPTION)
  VALUES (2, 'Public Holiday', 1.50, DATE '2026-03-08', 'Holi & Dashain surge pricing');
INSERT INTO "PRICINGPOLICY" (POLICY_ID, POLICY_NAME, MULTIPLIER, POLICY_DATE, DESCRIPTION)
  VALUES (3, 'Blockbuster',  1.25, DATE '2026-03-01', 'New blockbuster release week');

-- 6. SEATS (4 rows)
INSERT INTO "SEAT" (SEAT_ID, HALL_ID, SEAT_ROW, SEAT_COLUMN, SEAT_NUMBER, STATUS)
  VALUES (1, 1, 'A', '1', 'A1', 'Available');
INSERT INTO "SEAT" (SEAT_ID, HALL_ID, SEAT_ROW, SEAT_COLUMN, SEAT_NUMBER, STATUS)
  VALUES (2, 1, 'A', '2', 'A2', 'Available');
INSERT INTO "SEAT" (SEAT_ID, HALL_ID, SEAT_ROW, SEAT_COLUMN, SEAT_NUMBER, STATUS)
  VALUES (3, 2, 'B', '1', 'B1', 'Available');
INSERT INTO "SEAT" (SEAT_ID, HALL_ID, SEAT_ROW, SEAT_COLUMN, SEAT_NUMBER, STATUS)
  VALUES (4, 2, 'B', '2', 'B2', 'Booked');

-- 7. SHOWTIMES (5 rows)
-- SHOW_ID, START_TIME, END_TIME, SHOW_TYPE, BASE_PRICE, HALL_ID, MOVIE_ID, POLICY_ID
INSERT INTO "SHOWTIME" (SHOW_ID, START_TIME, END_TIME, SHOW_TYPE, BASE_PRICE, HALL_ID, MOVIE_ID, POLICY_ID)
  VALUES (1, SYSDATE + 2/24,  SYSDATE + 5/24,  '3D IMAX', 900, 1, 1, 3);
INSERT INTO "SHOWTIME" (SHOW_ID, START_TIME, END_TIME, SHOW_TYPE, BASE_PRICE, HALL_ID, MOVIE_ID, POLICY_ID)
  VALUES (2, SYSDATE + 6/24,  SYSDATE + 9/24,  '2D',      500, 2, 3, 1);
INSERT INTO "SHOWTIME" (SHOW_ID, START_TIME, END_TIME, SHOW_TYPE, BASE_PRICE, HALL_ID, MOVIE_ID, POLICY_ID)
  VALUES (3, SYSDATE + 12/24, SYSDATE + 15/24, '2D',      450, 3, 4, 2);
INSERT INTO "SHOWTIME" (SHOW_ID, START_TIME, END_TIME, SHOW_TYPE, BASE_PRICE, HALL_ID, MOVIE_ID, POLICY_ID)
  VALUES (4, SYSDATE + 26/24, SYSDATE + 29/24, 'IMAX',    800, 5, 2, 1);
INSERT INTO "SHOWTIME" (SHOW_ID, START_TIME, END_TIME, SHOW_TYPE, BASE_PRICE, HALL_ID, MOVIE_ID, POLICY_ID)
  VALUES (5, SYSDATE + 50/24, SYSDATE + 53/24, '2D',      550, 4, 5, 3);

-- 8. BOOKINGS (3 rows)
-- BOOKING_ID, USER_ID, SHOWTIME_ID, BOOKING_TIMESTAMP, TOTAL_AMOUNT, STATUS
INSERT INTO "BOOKING" (BOOKING_ID, USER_ID, SHOWTIME_ID, BOOKING_TIMESTAMP, TOTAL_AMOUNT, STATUS)
  VALUES (1, 1, 1, SYSDATE - 3, 1125.00, 'Paid');
INSERT INTO "BOOKING" (BOOKING_ID, USER_ID, SHOWTIME_ID, BOOKING_TIMESTAMP, TOTAL_AMOUNT, STATUS)
  VALUES (2, 2, 2, SYSDATE, 500.00, 'Reserved');
INSERT INTO "BOOKING" (BOOKING_ID, USER_ID, SHOWTIME_ID, BOOKING_TIMESTAMP, TOTAL_AMOUNT, STATUS)
  VALUES (3, 3, 4, SYSDATE - 7, 800.00, 'Cancelled');

-- 9. TICKETS (2 rows)
-- TICKET_ID, BOOKING_ID, SEAT_ID, FINAL_PRICE
INSERT INTO "TICKET" (TICKET_ID, BOOKING_ID, SEAT_ID, FINAL_PRICE)
  VALUES (101, 1, 1, 1125.00);
INSERT INTO "TICKET" (TICKET_ID, BOOKING_ID, SEAT_ID, FINAL_PRICE)
  VALUES (102, 2, 3, 500.00);

COMMIT;
